threshold,close,min_size,dice,pq,sq,rq
0.3,0,0,0.6652457281527532,0.33783325541382375,0.6108650108017099,0.5172436230131295
0.3,0,128,0.6653717720809766,0.3767256360445213,0.6108650108017099,0.5772261769816288
0.3,0,256,0.6653551417570341,0.3889159592023337,0.6111207236998965,0.5955847773337789
0.3,0,512,0.6607320672977105,0.390961609686782,0.611635793571139,0.5980653707836144
0.3,0,1024,0.6287890365433774,0.35584610932642835,0.6036897081448086,0.5428329183810345
0.3,1,0,0.6652123948850271,0.33867240492716194,0.6108679401403188,0.5184831516660379
0.3,1,128,0.6653425189741082,0.3766921404872959,0.6108679401403188,0.5771437397129677
0.3,1,256,0.6653259100923117,0.38889598888793614,0.6111213469162782,0.5955265114608288
0.3,1,512,0.6607080679707921,0.3910292766293095,0.6115186363016759,0.5982626093914383
0.3,1,1024,0.6287632075635489,0.355880735466539,0.6035914636000079,0.5429629658097747
0.3,2,0,0.6650866503396201,0.33844460223467576,0.6102475525831017,0.5185032007218356
0.3,2,128,0.6651786303938914,0.37432349024393646,0.6102475525831017,0.5740064025915248
0.3,2,256,0.665213826415351,0.3866558266259284,0.6104894648623959,0.5925962015971802
0.3,2,512,0.6606150441104497,0.38852011580809714,0.6107023887489269,0.5949327430059224
0.3,2,1024,0.6287127925775279,0.35325635878522615,0.6032084905724654,0.5393702955606032
0.35,0,0,0.666864926391142,0.34021250214406284,0.6141347432537708,0.5175398788913289
0.35,0,128,0.6670440994393189,0.3804902926366238,0.6141347432537708,0.5794548539377129
0.35,0,256,0.6668025898193991,0.39184615243623994,0.6146069249528936,0.5963830575219978
0.35,0,512,0.6621436607587694,0.3937417750634797,0.6149836842858835,0.5986946878951972
0.35,0,1024,0.6293377370583335,0.3579136506200907,0.606419781258437,0.5432287538026751
0.35,1,0,0.6668141125130228,0.34074913803370477,0.6132177257945032,0.5194449662435757
0.35,1,128,0.6669932115220106,0.38079161951499657,0.6132177257945032,0.5809930440213367
0.35,1,256,0.6667852031093626,0.39182531557455114,0.6136898929174082,0.5974073606648851
0.35,1,512,0.662053480118371,0.39382124197757534,0.6140651261502978,0.5998742623605621
0.35,1,1024,0.6294594584889442,0.35789118798855424,0.605572996638185,0.5441999713839334
0.35,2,0,0.6667159432435464,0.3409178498760115,0.6125994560438186,0.5200897131712714
0.35,2,128,0.6668881632372102,0.3791621995422911,0.6125994560438186,0.5790081804751204
0.35,2,256,0.6666902101947039,0.38986054048313407,0.6130650741651887,0.5949032534420361
0.35,2,512,0.6619826292098966,0.3914844301740286,0.6132597212016521,0.5968318744801216
0.35,2,1024,0.6296874722764697,0.3561220193099112,0.6051136761199291,0.5418645361121472
0.4,0,0,0.6680039586266683,0.34399845436157417,0.616148047611032,0.5217686018119614
0.4,0,128,0.6681788278848867,0.38399747637216314,0.616148047611032,0.5832387593379492
0.4,0,256,0.667851705391214,0.394548851640857,0.6163853826890929,0.5989646526416015
0.4,0,512,0.6618952035401036,0.39887822803483897,0.6169616841817103,0.6046644819564283
0.4,0,1024,0.6287393280625313,0.35969024250758,0.6073331724846505,0.5452050768041807
0.4,1,0,0.6678911713705536,0.3447204959565063,0.6160133732548185,0.5231221515604899
0.4,1,128,0.6680697144130694,0.38400086909601217,0.6160133732548185,0.5834183684298273
0.4,1,256,0.6678329057998433,0.39410481410242865,0.6162499696836435,0.5984276291009585
0.4,1,512,0.6618060288901064,0.3985023584512614,0.6168088897142945,0.6042564020008949
0.4,1,1024,0.6286425879879386,0.35929356536576695,0.6072127304260082,0.5447499107035542
0.4,2,0,0.667841405841725,0.3458239085193675,0.6162770049872477,0.5245801403419502
0.4,2,128,0.6680293171365276,0.38405955433788436,0.6162770049872477,0.5832355923459803
0.4,2,256,0.6678173243303016,0.39389818462910936,0.6165137557364907,0.597844625555867
0.4,2,512,0.6618761166694493,0.3983290744627071,0.6169795967184432,0.6038522881550832
0.4,2,1024,0.6288205832550198,0.3599410374895431,0.607303274319584,0.5456343453621194
0.45,0,0,0.669012897069588,0.34570125248418593,0.6177624813094683,0.5228826110867262
0.45,0,128,0.6691834726204153,0.3862841417849641,0.6178881722611848,0.5850610238101865
0.45,0,256,0.6686626254421933,0.3969360612011125,0.6182711772398761,0.6006759125692553
0.45,0,512,0.6624407493619301,0.4008570808560775,0.6193219731306284,0.6053671387866967
0.45,0,1024,0.6266811425892058,0.3593084195575147,0.6096741425349682,0.5426856401055374
0.45,1,0,0.6688269132936852,0.34595146456836967,0.617285192063291,0.5237461917235307
0.45,1,128,0.6689914615761994,0.3859687307484201,0.6174095402597523,0.5850610238101865
0.45,1,256,0.668567942725132,0.3966092445038796,0.6176592878235991,0.6008167983419066
0.45,1,512,0.662320342036574,0.40042092966181736,0.6187816729649993,0.6052616635806962
0.45,1,1024,0.627314519510336,0.35968377588069494,0.6090275517320564,0.5438385954360287
0.45,2,0,0.6687571436351633,0.3473487923801104,0.6174983845764423,0.5257289797146839
0.45,2,128,0.6689291232518517,0.38620282047513005,0.6176126392916338,0.5852222447681946
0.45,2,256,0.6685272901414024,0.3965442639881561,0.6178612425524971,0.6005095045554196
0.45,2,512,0.6622658603408136,0.40026309330211585,0.6188586714205419,0.6049169179974218
0.45,2,1024,0.6272981732364085,0.35969067404579796,0.6091113226473487,0.5437468921804144
0.5,0,0,0.6697047095781371,0.34723875610835103,0.6194477638895765,0.5239495196081774
0.5,0,128,0.6697955192620668,0.3864816732515819,0.6196117193555093,0.5836009934904072
0.5,0,256,0.6693022677491621,0.39629395088036684,0.6200435557575729,0.5978290531955608
0.5,0,512,0.6616116241013761,0.4011727450158316,0.6214310657107047,0.6038723537536506
0.5,0,1024,0.6262331615176266,0.358401179475793,0.611317422399145,0.5394883131020403
0.5,1,0,0.6695851781252449,0.347960760561007,0.6187958329883104,0.5252707167690921
0.5,1,128,0.669651495075334,0.3861182099368002,0.6189540816161541,0.5833942391525451
0.5,1,256,0.6691564811477853,0.39593361625761286,0.6193421144702976,0.5976852111739325
0.5,1,512,0.6629127735000528,0.40065771644884157,0.6206441862141657,0.6034993156915853
0.5,1,1024,0.6270332637790227,0.35886311652939185,0.610864865364409,0.5404231980640143
0.5,2,0,0.6695487389536596,0.34844590001428183,0.619536755922854,0.5255395355229555
0.5,2,128,0.6695944713411578,0.38503390576885616,0.6196848994409971,0.5811194294006131
0.5,2,256,0.669098541529465,0.3948228307252938,0.6200739696672314,0.5953700479033769
0.5,2,512,0.6629613734218219,0.4004296519373568,0.6211435192697004,0.6026127906181992
0.5,2,1024,0.6269985951534623,0.35852694698286863,0.6110407945284758,0.5397290205175103
0.55,0,0,0.6702830606486968,0.34739199934334364,0.6210802186435053,0.5224086377459802
0.55,0,128,0.6704429818280098,0.38621089292469435,0.62126479220076,0.5813440033057291
0.55,0,256,0.6696468316907362,0.39717114587970304,0.6215290438231494,0.5976688632444452
0.55,0,512,0.6619738209694648,0.40176496767914577,0.6223731470437084,0.6036287114139761
0.55,0,1024,0.6228645047490228,0.35631095846329364,0.6075840435202633,0.5355879530022979
0.55,1,0,0.670323965471459,0.34817149172420253,0.6201265678169036,0.5242195080844139
0.55,1,128,0.6704793563578981,0.3870200121427841,0.6203110650984438,0.5833125219783308
0.55,1,256,0.6698352764751515,0.39781687762428375,0.6205577281876951,0.5993699771821484
0.55,1,512,0.6621148052371945,0.4030000830334517,0.62143094356312,0.6062339738028114
0.55,1,1024,0.6229517005209908,0.3559707562626204,0.6071089689879372,0.5355879530022979
0.55,2,0,0.6703014503827797,0.3500537909771035,0.6201787652989239,0.5269832966018703
0.55,2,128,0.6704295097549585,0.3877379369430025,0.6203529955843885,0.584399594967286
0.55,2,256,0.6697872608376159,0.3981514071350046,0.6206936768875134,0.5997984544376924
0.55,2,512,0.6618585576177685,0.4029282334720168,0.6217044310352133,0.6061312120812699
0.55,2,1024,0.6238820914007998,0.35565221264238334,0.6072829147527393,0.535162500993246
0.6,0,0,0.6709783122834236,0.3480272557275299,0.6226177945034004,0.522145433418491
0.6,0,128,0.6711834487784266,0.38903387391638794,0.6226177945034004,0.5842331747910485
0.6,0,256,0.6705422994878596,0.39955264165385235,0.6230011494277918,0.5996868323969126
0.6,0,512,0.6620045503222807,0.404636580360721,0.6236829521431312,0.6062914061654663
0.6,0,1024,0.6183849166959925,0.3521489135298161,0.6054413178302998,0.5278447914430896
0.6,1,0,0.6710271835312241,0.3487173003966531,0.6225901437895972,0.5231841286657789
0.6,1,128,0.6711683290205385,0.38892311642281596,0.6225901437895972,0.5841535108369079
0.6,1,256,0.6704991287538867,0.399251069636478,0.6229706971394293,0.5993170099348194
0.6,1,512,0.66198719621405,0.4039121271062604,0.6236322501593019,0.605347010963244
0.6,1,1024,0.6209926160600806,0.354010866827732,0.6097802612522547,0.5303102732396058
0.6,2,0,0.6710269151476852,0.35048276440878984,0.622521318032125,0.5259897672148417
0.6,2,128,0.6711467919102511,0.3906148397998036,0.622521318032125,0.58684346320278
0.6,2,256,0.6704807472914103,0.4009554136289826,0.6229046917145509,0.6020206052873595
0.6,2,512,0.6627316408626125,0.40481794342808775,0.6235620486654209,0.6068412429011241
0.6,2,1024,0.6220620081456266,0.3547866004093241,0.6096266457105043,0.5316416338547441
0.65,0,0,0.6711664613023287,0.3503011462084604,0.6228839817206991,0.525234674473269
0.65,0,128,0.6714041415643115,0.39167760420392667,0.6228839817206991,0.5877044710415801
0.65,0,256,0.6710132388614359,0.4012386086759398,0.623267190663046,0.6017764467680629
0.65,0,512,0.6520787364524487,0.3967986943177559,0.6157571225063916,0.5944888220988531
0.65,0,1024,0.616676701678371,0.35146553645219614,0.6097494028636433,0.5261801020388974
0.65,1,0,0.6712216113017598,0.3513860655989583,0.6228555190586476,0.5268605640299044
0.65,1,128,0.6713287125645774,0.3917117133553156,0.6228555190586476,0.5878453557703435
0.65,1,256,0.6708157122024748,0.4009728983427196,0.6232384544160743,0.6014536927223881
0.65,1,512,0.6520544890377642,0.3967388206386093,0.615725478450404,0.5944888220988531
0.65,1,1024,0.6193391173152542,0.3535126386650428,0.6140766764235435,0.5289453092514049
0.65,2,0,0.671239010383943,0.35293941906657483,0.6226405054077027,0.5294311349052709
0.65,2,128,0.6713309093398965,0.39349079363328904,0.6226405054077027,0.5907942344492187
0.65,2,256,0.6707501605066878,0.40248539774571335,0.6230241752433293,0.6039935722212683
0.65,2,512,0.6526677876637721,0.39728365811126126,0.6153901323916917,0.5956169474724072
0.65,2,1024,0.6202804969368154,0.3541686394201632,0.6136871636135061,0.5302766698665433
0.7,0,0,0.6714060020220189,0.35500354642174897,0.6257601614673298,0.5326719864957349
0.7,0,128,0.6716566230879742,0.3945207788830304,0.6257601614673298,0.5924127548603911
0.7,0,256,0.6711706131661178,0.4045366826409673,0.6261768128276626,0.6070350637531052
0.7,0,512,0.6525652664667378,0.399160128918616,0.6188516614801236,0.5986545676652832
0.7,0,1024,0.6135763148868313,0.3515888455338186,0.6144411891596978,0.5259975150900422
0.7,1,0,0.6714377738041725,0.35608326554362674,0.6256669070306905,0.5343251612292652
0.7,1,128,0.6716865690524338,0.39562032222209137,0.6256669070306905,0.5941136302771927
0.7,1,256,0.6712370151719355,0.40493161125320576,0.6260722977799891,0.6077146254335503
0.7,1,512,0.6526217923581403,0.3995683694753519,0.6187376350566888,0.5993757331159291
0.7,1,1024,0.6139776023777836,0.3517117244168261,0.6143453013996403,0.5263115556552864
0.7,2,0,0.671454001990614,0.3582094897828989,0.62526271295025,0.5378622172463544
0.7,2,128,0.6716058133851774,0.3970823419751606,0.62526271295025,0.596791576814666
0.7,2,256,0.6711439550274056,0.4063046436638461,0.6256693680407502,0.6102545049324304
0.7,2,512,0.6532067781642913,0.39990142869845546,0.6182470240373206,0.6003927197052115
0.7,2,1024,0.6149204083110426,0.3523657081607716,0.6139673150516264,0.5276429162704246
0.75,0,0,0.6708507055283182,0.3532803304073008,0.6265994421435385,0.5297787876976353
0.75,0,128,0.6709787798086824,0.39499588602751695,0.6265994421435385,0.5923486958976006
0.75,0,256,0.6705005943071721,0.4046278297454969,0.6268272773486256,0.6064019862352373
0.75,0,512,0.6506617820576895,0.3982822807372468,0.6189673880061374,0.597070483864926
0.75,0,1024,0.6083059665944255,0.34794389442366336,0.6108399299815326,0.5198274319032815
0.75,1,0,0.6708687540708443,0.3531410457398417,0.6271274639253047,0.529238153580137
0.75,1,128,0.6709833474222062,0.39457047469011286,0.6271274639253047,0.5913728837775186
0.75,1,256,0.6705361981578847,0.4040540943173085,0.6273535096727555,0.6052185545192611
0.75,1,512,0.6506910689023798,0.39770730939577725,0.6194905628724129,0.5958870521489497
0.75,1,1024,0.6083511241369617,0.34738286622403897,0.6113858180576526,0.518644000187305
0.75,2,0,0.6708844765135915,0.3570230865254464,0.6264371184195671,0.5355053949582683
0.75,2,128,0.6710147655971289,0.39628690038726344,0.6264371184195671,0.5945073892114071
0.75,2,256,0.6705637279009085,0.4057813768495748,0.6266595808470898,0.6083763237563604
0.75,2,512,0.6513968656247825,0.3987180177201728,0.6187372069847525,0.5980153162027215
0.75,2,1024,0.6100888428571012,0.34962290227445314,0.6107343268161953,0.5226005533352726
0.8,0,0,0.6683595694257777,0.34463317101186813,0.6248160651227025,0.5172823341365831
0.8,0,128,0.6685324563780708,0.3905632735127728,0.6248160651227025,0.5863433680889416
0.8,0,256,0.6677614320369697,0.40081258774511697,0.6255276884277169,0.6012207590039131
0.8,0,512,0.6471769892509658,0.39282835159756446,0.6178291070004326,0.5891953872330837
0.8,0,1024,0.5973797205567016,0.33825818192684254,0.6066256602546295,0.5044369019249411
0.8,1,0,0.6683804886669602,0.34504480383478725,0.6247078085074195,0.5178624900239265
0.8,1,128,0.6685445221934531,0.3910329757020542,0.6247078085074195,0.5870023868898089
0.8,1,256,0.6677410514642356,0.4004574627885083,0.6254155469337314,0.600667106678988
0.8,1,512,0.6470937021147061,0.3923849250344278,0.6175702153372611,0.5884992508722394
0.8,1,1024,0.5973190944653335,0.33767522806298794,0.6063593885808903,0.5035265697937131
0.8,2,0,0.6684636514639979,0.34478545389246046,0.6247992864001146,0.5173976213679613
0.8,2,128,0.668691016173858,0.39086087839283346,0.6247992864001146,0.5866907943854227
0.8,2,256,0.6678375387011165,0.4001630514930991,0.6254291451479171,0.6001845764293221
0.8,2,512,0.647237853541555,0.3922702333909686,0.6174968748915047,0.588361441701208
0.8,2,1024,0.5974170577378786,0.33716945234379936,0.6065260487923302,0.5026162376624851
0.85,0,0,0.6647261821238758,0.3401822057908525,0.6219158805056937,0.5123031934108434
0.85,0,128,0.664827693832555,0.3835502578431022,0.6219158805056937,0.5780283593693427
0.85,0,256,0.6638573322415652,0.3937079412968213,0.6224086780502369,0.5930091747530807
0.85,0,512,0.6390791891844867,0.38068329845795507,0.6174291458930914,0.5719055855492434
0.85,0,1024,0.5867135607318132,0.3262975067689636,0.5979389005323313,0.48683311154238257
0.85,1,0,0.6647663173126638,0.34298854363029463,0.6219398165069755,0.5167855420047827
0.85,1,128,0.664895915707419,0.38444330998419857,0.6219398165069755,0.5792835142125571
0.85,1,256,0.6639890143726604,0.39447097757730226,0.6224209231892882,0.5940850217871656
0.85,1,512,0.6392091589780583,0.38144767568793597,0.61743978185304,0.5729814325833282
0.85,1,1024,0.5867869639687331,0.3263765260226148,0.5980546749350685,0.48683311154238257
0.85,2,0,0.6648925524727151,0.3436976889111812,0.6217930453465647,0.5177748464244901
0.85,2,128,0.6650081810677634,0.38495260265426035,0.6217930453465647,0.579930619325768
0.85,2,256,0.6640673741958623,0.39411287455152255,0.6222663132357786,0.5935313694622405
0.85,2,512,0.6398206814472113,0.3815488288890154,0.6170063763917971,0.5731459738927857
0.85,2,1024,0.5868536501076125,0.32578526504745275,0.5978005850195758,0.4859227794111546
0.9,0,0,0.660882998194438,0.32850646351309026,0.6146279293093547,0.4966055988327623
0.9,0,128,0.6606921375981013,0.3759076444700285,0.6147059196578786,0.5683739698572278
0.9,0,256,0.6574518079485647,0.3868213181112985,0.615261665332492,0.5847345558324867
0.9,0,512,0.6349738615806613,0.37231833973948425,0.6107412617316956,0.5606747857828873
0.9,0,1024,0.5761602462771799,0.3148736469420521,0.5886376083140973,0.46899921024294894
0.9,1,0,0.6609319199640245,0.33014138349656164,0.6146994514242754,0.49911536294514286
0.9,1,128,0.6607718333001942,0.3759344358534148,0.6147772101299667,0.5683739698572278
0.9,1,256,0.6575308880940851,0.38684706286948156,0.6153282203106885,0.5847345558324867
0.9,1,512,0.6350620244497547,0.3723419309118688,0.61079599490058,0.5606747857828873
0.9,1,1024,0.576228678057303,0.3148666547989419,0.5886575459455207,0.46899921024294894
0.9,2,0,0.661093027962032,0.3306677060641789,0.6145668763858283,0.4999563610054671
0.9,2,128,0.6609378344820535,0.37641538631970883,0.6146445007295025,0.5691600658660932
0.9,2,256,0.6577049911774376,0.38651804272844464,0.6151787631472823,0.5843565157111753
0.9,2,512,0.6353564439352095,0.37268287300135433,0.6106953995382403,0.5612913070831187
0.9,2,1024,0.5763875918173379,0.3148783157829346,0.5887036000695938,0.46899921024294894
